{
    "description": null,
    "parentClass": "CoreShop\\Component\\Address\\Model\\Address",
    "useTraits": null,
    "allowInherit": false,
    "allowVariants": false,
    "showVariants": false,
    "layoutDefinitions": {
        "fieldtype": "panel",
        "labelWidth": 100,
        "layout": null,
        "name": "pimcore_root",
        "type": null,
        "region": null,
        "title": null,
        "width": null,
        "height": null,
        "collapsible": false,
        "collapsed": null,
        "bodyStyle": null,
        "datatype": "layout",
        "permissions": null,
        "childs": [
            {
                "fieldtype": "panel",
                "labelWidth": 100,
                "layout": null,
                "name": "Layout",
                "type": null,
                "region": null,
                "title": null,
                "width": null,
                "height": null,
                "collapsible": false,
                "collapsed": null,
                "bodyStyle": null,
                "datatype": "layout",
                "permissions": null,
                "childs": [
                    {
                        "fieldtype": "fieldset",
                        "labelWidth": 100,
                        "name": "Layout",
                        "type": null,
                        "region": null,
                        "title": "",
                        "width": null,
                        "height": null,
                        "collapsible": false,
                        "collapsed": false,
                        "bodyStyle": "",
                        "datatype": "layout",
                        "permissions": null,
                        "childs": [
                            {
                                "fieldtype": "input",
                                "width": null,
                                "queryColumnType": "varchar",
                                "columnType": "varchar",
                                "columnLength": 190,
                                "phpdocType": "string",
                                "regex": "",
                                "name": "firstname",
                                "title": "Firstname",
                                "tooltip": "",
                                "mandatory": false,
                                "noteditable": false,
                                "index": false,
                                "locked": false,
                                "style": "",
                                "permissions": null,
                                "datatype": "data",
                                "relationType": false,
                                "invisible": false,
                                "visibleGridView": false,
                                "visibleSearch": false
                            },
                            {
                                "fieldtype": "input",
                                "width": null,
                                "queryColumnType": "varchar",
                                "columnType": "varchar",
                                "columnLength": 190,
                                "phpdocType": "string",
                                "regex": "",
                                "name": "lastname",
                                "title": "Lastname",
                                "tooltip": "",
                                "mandatory": false,
                                "noteditable": false,
                                "index": false,
                                "locked": false,
                                "style": "",
                                "permissions": null,
                                "datatype": "data",
                                "relationType": false,
                                "invisible": false,
                                "visibleGridView": false,
                                "visibleSearch": false
                            },
                            {
                                "fieldtype": "input",
                                "width": null,
                                "queryColumnType": "varchar",
                                "columnType": "varchar",
                                "columnLength": 190,
                                "phpdocType": "string",
                                "regex": "",
                                "name": "company",
                                "title": "Company",
                                "tooltip": "",
                                "mandatory": false,
                                "noteditable": false,
                                "index": false,
                                "locked": false,
                                "style": "",
                                "permissions": null,
                                "datatype": "data",
                                "relationType": false,
                                "invisible": false,
                                "visibleGridView": false,
                                "visibleSearch": false
                            },
                            {
                                "fieldtype": "input",
                                "width": null,
                                "queryColumnType": "varchar",
                                "columnType": "varchar",
                                "columnLength": 190,
                                "phpdocType": "string",
                                "regex": "",
                                "name": "street",
                                "title": "Street",
                                "tooltip": "",
                                "mandatory": false,
                                "noteditable": false,
                                "index": false,
                                "locked": false,
                                "style": "",
                                "permissions": null,
                                "datatype": "data",
                                "relationType": false,
                                "invisible": false,
                                "visibleGridView": false,
                                "visibleSearch": false
                            },
                            {
                                "fieldtype": "input",
                                "width": null,
                                "queryColumnType": "varchar",
                                "columnType": "varchar",
                                "columnLength": 190,
                                "phpdocType": "string",
                                "regex": "",
                                "name": "number",
                                "title": "Number",
                                "tooltip": "",
                                "mandatory": false,
                                "noteditable": false,
                                "index": false,
                                "locked": false,
                                "style": "",
                                "permissions": null,
                                "datatype": "data",
                                "relationType": false,
                                "invisible": false,
                                "visibleGridView": false,
                                "visibleSearch": false
                            },
                            {
                                "fieldtype": "input",
                                "width": null,
                                "queryColumnType": "varchar",
                                "columnType": "varchar",
                                "columnLength": 190,
                                "phpdocType": "string",
                                "regex": "",
                                "name": "postcode",
                                "title": "Postcode",
                                "tooltip": "",
                                "mandatory": false,
                                "noteditable": false,
                                "index": false,
                                "locked": false,
                                "style": "",
                                "permissions": null,
                                "datatype": "data",
                                "relationType": false,
                                "invisible": false,
                                "visibleGridView": false,
                                "visibleSearch": false
                            },
                            {
                                "fieldtype": "input",
                                "width": null,
                                "queryColumnType": "varchar",
                                "columnType": "varchar",
                                "columnLength": 190,
                                "phpdocType": "string",
                                "regex": "",
                                "name": "city",
                                "title": "City",
                                "tooltip": "",
                                "mandatory": false,
                                "noteditable": false,
                                "index": false,
                                "locked": false,
                                "style": "",
                                "permissions": null,
                                "datatype": "data",
                                "relationType": false,
                                "invisible": false,
                                "visibleGridView": false,
                                "visibleSearch": false
                            },
                            {
                                "fieldtype": "coreShopCountry",
                                "queryColumnType": "int(11)",
                                "columnType": "int(11)",
                                "allowEmpty": false,
                                "options": null,
                                "width": "",
                                "defaultValue": null,
                                "phpdocType": "string",
                                "name": "country",
                                "title": "Country",
                                "tooltip": "",
                                "mandatory": false,
                                "noteditable": false,
                                "index": false,
                                "locked": false,
                                "style": "",
                                "permissions": null,
                                "datatype": "data",
                                "relationType": false,
                                "invisible": false,
                                "visibleGridView": false,
                                "visibleSearch": false
                            },
                            {
                                "fieldtype": "coreShopState",
                                "queryColumnType": "int(11)",
                                "columnType": "int(11)",
                                "allowEmpty": true,
                                "options": null,
                                "width": "",
                                "defaultValue": null,
                                "phpdocType": "string",
                                "name": "state",
                                "title": "State",
                                "tooltip": "",
                                "mandatory": false,
                                "noteditable": false,
                                "index": false,
                                "locked": false,
                                "style": "",
                                "permissions": null,
                                "datatype": "data",
                                "relationType": false,
                                "invisible": false,
                                "visibleGridView": false,
                                "visibleSearch": false
                            },
                            {
                                "fieldtype": "input",
                                "width": null,
                                "queryColumnType": "varchar",
                                "columnType": "varchar",
                                "columnLength": 190,
                                "phpdocType": "string",
                                "regex": "",
                                "name": "phoneNumber",
                                "title": "Phone Number",
                                "tooltip": "",
                                "mandatory": false,
                                "noteditable": false,
                                "index": false,
                                "locked": false,
                                "style": "",
                                "permissions": null,
                                "datatype": "data",
                                "relationType": false,
                                "invisible": false,
                                "visibleGridView": false,
                                "visibleSearch": false
                            }
                        ],
                        "locked": false
                    }
                ],
                "locked": false
            }
        ],
        "locked": false
    },
    "icon": null,
    "previewUrl": null,
    "group": null,
    "propertyVisibility": {
        "grid": {
            "id": true,
            "path": true,
            "published": true,
            "modificationDate": true,
            "creationDate": true
        },
        "search": {
            "id": true,
            "path": true,
            "published": true,
            "modificationDate": true,
            "creationDate": true
        }
    }
}